Tiempo (s),Flujo de neutrones (n),pos_nuc (%),pos_BC1 (%),pos_BC2 (%)
0.001,631.0592,0.0,0.0,0.0
0.002,473.4592,0.0,0.0,0.0
0.003,419.4675,0.0,0.0,0.0
0.004,400.9515,0.0,0.0,0.0
0.005,394.5827,0.0,0.0,0.0
0.006,392.3732,0.0,0.0,0.0
0.007,391.5878,0.0,0.0,0.0
0.008,391.2902,0.0,0.0,0.0
0.009,391.1595,0.0,0.0,0.0
0.01,391.0861,0.0,0.0,0.0
0.011,391.0323,0.0,0.0,0.0
0.012,390.9853,0.0,0.0,0.0
0.013,390.9407,0.0,0.0,0.0
0.014,390.8969,0.0,0.0,0.0
0.015,390.8534,0.0,0.0,0.0
0.016,390.8101,0.0,0.0,0.0
0.017,390.7669,0.0,0.0,0.0
0.018,390.7238,0.0,0.0,0.0
0.019,390.6807,0.0,0.0,0.0
0.02,390.6377,0.0,0.0,0.0
0.021,390.5947,0.0,0.0,0.0
0.022,390.5519,0.0,0.0,0.0
0.023,390.5091,0.0,0.0,0.0
0.024,390.4663,0.0,0.0,0.0
0.025,390.4236,0.0,0.0,0.0
0.026,390.381,0.0,0.0,0.0
0.027,390.3384,0.0,0.0,0.0
0.028,390.2959,0.0,0.0,0.0
0.029,390.2535,0.0,0.0,0.0
0.03,390.2111,0.0,0.0,0.0
0.031,390.1688,0.0,0.0,0.0
0.032,390.1265,0.0,0.0,0.0
0.033,390.0844,0.0,0.0,0.0
0.034,390.0422,0.0,0.0,0.0
0.035,390.0001,0.0,0.0,0.0
0.036,389.9581,0.0,0.0,0.0
0.037,389.9162,0.0,0.0,0.0
0.038,389.8743,0.0,0.0,0.0
0.039,389.8325,0.0,0.0,0.0
0.04,389.7907,0.0,0.0,0.0
0.041,389.749,0.0,0.0,0.0
0.042,389.7073,0.0,0.0,0.0
0.043,389.6658,0.0,0.0,0.0
0.044,389.6242,0.0,0.0,0.0
0.045,389.5828,0.0,0.0,0.0
0.046,389.5413,0.0,0.0,0.0
0.047,389.5,0.0,0.0,0.0
0.048,389.4587,0.0,0.0,0.0
0.049,389.4175,0.0,0.0,0.0
0.05,389.3763,0.0,0.0,0.0
0.051,389.3352,0.0,0.0,0.0
0.052,389.2941,0.0,0.0,0.0
0.053,389.2531,0.0,0.0,0.0
0.054,389.2122,0.0,0.0,0.0
0.055,389.1713,0.0,0.0,0.0
0.056,389.1304,0.0,0.0,0.0
0.057,389.0897,0.0,0.0,0.0
0.058,389.049,0.0,0.0,0.0
0.059,389.0083,0.0,0.0,0.0
0.06,388.9677,0.0,0.0,0.0
0.061,388.9272,0.0,0.0,0.0
0.062,388.8867,0.0,0.0,0.0
0.063,388.8462,0.0,0.0,0.0
0.064,388.8059,0.0,0.0,0.0
0.065,388.7655,0.0,0.0,0.0
0.066,388.7253,0.0,0.0,0.0
0.067,388.6851,0.0,0.0,0.0
0.068,388.6449,0.0,0.0,0.0
0.069,388.6048,0.0,0.0,0.0
0.07,388.5648,0.0,0.0,0.0
0.071,388.5248,0.0,0.0,0.0
0.072,388.4849,0.0,0.0,0.0
0.073,388.445,0.0,0.0,0.0
0.074,388.4052,0.0,0.0,0.0
0.075,388.3654,0.0,0.0,0.0
0.076,388.3257,0.0,0.0,0.0
0.077,390.1423,1,0,0
0.078,402.1636,7,0,0
0.079,431.1166,19,0,0
0.08,470.3351,31,0,0
0.081,559.4686,57,0,0
0.082,691.4432,80,0,0
0.083,853.8847,96,0,0
0.084,995.8158,100,0,0
0.085,1101.4757,100,0,0
0.086,1180.1398,100,0,0
0.087,1238.7113,100,0,0
0.088,1282.3282,100,0,0
0.089,1314.8147,100,0,0
0.09,1339.017,100,0,0
0.091,1357.0535,100,0,0
0.092,1370.5008,100,0,0
0.093,1380.5325,100,0,0
0.094,1388.022,100,0,0
0.095,1393.6193,100,0,0
0.096,1397.8082,100,0,0
0.097,1400.9489,100,0,0
0.098,1403.3094,100,0,0
0.099,1405.0892,100,0,0
0.1,1406.4367,100,0,0
0.101,1407.4624,100,0,0
0.102,1408.2486,100,0,0
0.103,1408.8565,100,0,0
0.104,1409.3317,100,0,0
0.105,1409.708,100,0,0
0.106,1410.0107,100,0,0
0.107,1410.2586,100,0,0
0.108,1410.4658,100,0,0
0.109,1410.6424,100,0,0
0.11,1410.7964,100,0,0
0.111,1410.9335,100,0,0
0.112,1411.058,100,0,0
0.113,1411.173,100,0,0
0.114,1411.281,100,0,0
0.115,1411.3838,100,0,0
0.116,1411.4825,100,0,0
0.117,1411.5783,100,0,0
0.118,1411.6718,100,0,0
0.119,1411.7636,100,0,0
0.12,1411.8541,100,0,0
0.121,1411.9436,100,0,0
0.122,1412.0323,100,0,0
0.123,1412.1204,100,0,0
0.124,1412.208,100,0,0
0.125,1412.2952,100,0,0
0.126,1412.3821,100,0,0
0.127,1412.4687,100,0,0
0.128,1412.555,100,0,0
0.129,1412.6412,100,0,0
0.13,1412.7271,100,0,0
0.131,1412.8129,100,0,0
0.132,1412.8986,100,0,0
0.133,1412.9841,100,0,0
0.134,1413.0694,100,0,0
0.135,1413.1546,100,0,0
0.136,1413.2397,100,0,0
0.137,1413.3246,100,0,0
0.138,1413.4094,100,0,0
0.139,1413.4941,100,0,0
0.14,1413.5786,100,0,0
0.141,1413.663,100,0,0
0.142,1413.7473,100,0,0
0.143,1413.8315,100,0,0
0.144,1413.9155,100,0,0
0.145,1413.9995,100,0,0
0.146,1414.0833,100,0,0
0.147,1414.167,100,0,0
0.148,1414.2505,100,0,0
0.149,1414.334,100,0,0
0.15,1414.4173,100,0,0
0.151,1414.5005,100,0,0
0.152,1414.5836,100,0,0
0.153,1414.6665,100,0,0
0.154,1414.7494,100,0,0
0.155,1414.8321,100,0,0
0.156,1414.9147,100,0,0
0.157,1414.9972,100,0,0
0.158,1415.0796,100,0,0
0.159,1415.1618,100,0,0
0.16,1428.2334,100,0,0
0.161,1463.965,100,0,0
0.162,1510.0732,100,0,0
0.163,1583.3932,100,0,0
0.164,1683.47,100,0,0
0.165,1809.9664,100,0,0
0.166,1975.6224,100,0,0
0.167,2228.8929,100,0,0
0.168,2482.4558,100,0,0
0.169,2716.7671,100,0,0
0.17,2969.2335,100,0,0
0.171,3209.2514,100,0,0
0.172,3401.0475,100,0,0
0.173,3543.9665,100,0,0
0.174,3650.5069,100,0,0
0.175,3729.9712,100,0,0
0.176,3789.283,100,0,0
0.177,3833.5955,100,0,0
0.178,3866.7441,100,0,0
0.179,3891.5834,100,0,0
0.18,3910.238,100,0,0
0.181,3924.2892,100,0,0
0.182,3934.9139,100,0,0
0.183,3942.9883,100,0,0
0.184,3949.1641,100,0,0
0.185,3953.9268,100,0,0
0.186,3957.6374,100,0,0
0.187,3960.5647,100,0,0
0.188,3962.9089,100,0,0
0.189,3964.8189,100,0,0
0.19,3966.4054,100,0,0
0.191,3967.751,100,0,0
0.192,3968.917,100,0,0
0.193,3969.9493,100,0,0
0.194,3970.8816,100,0,0
0.195,3971.7395,100,0,0
0.196,3972.5417,100,0,0
0.197,3973.3022,100,0,0
0.198,3974.0316,100,0,0
0.199,3974.7375,100,0,0
0.2,3975.4257,100,0,0
0.201,3976.1006,100,0,0
0.202,3976.7654,100,0,0
0.203,3977.4223,100,0,0
0.204,3978.0733,100,0,0
0.205,3978.7197,100,0,0
0.206,3979.3623,100,0,0
0.207,3980.0021,100,0,0
0.208,3980.6394,100,0,0
0.209,3981.2747,100,0,0
0.21,3981.9084,100,0,0
0.211,3982.5405,100,0,0
0.212,3983.1714,100,0,0
0.213,3983.8012,100,0,0
0.214,3984.4298,100,0,0
0.215,3985.0575,100,0,0
0.216,3985.6842,100,0,0
0.217,3986.3101,100,0,0
0.218,3986.935,100,0,0
0.219,3987.5591,100,0,0
0.22,3988.1824,100,0,0
0.221,3988.8048,100,0,0
0.222,3989.4265,100,0,0
0.223,3990.0473,100,0,0
0.224,3990.6673,100,0,0
0.225,3991.2866,100,0,0
0.226,3991.9051,100,0,0
0.227,3992.5228,100,0,0
0.228,3993.1397,100,0,0
0.229,3993.7559,100,0,0
0.23,3994.3712,100,0,0
0.231,3994.9859,100,0,0
0.232,3995.5997,100,0,0
0.233,3996.2128,100,0,0
0.234,3996.8252,100,0,0
0.235,3997.4367,100,0,0
0.236,3998.0476,100,0,0
0.237,3998.6576,100,0,0
0.238,3999.267,100,0,0
0.239,3999.8755,100,0,0
0.24,4000.4834,100,0,0
0.241,4001.0904,100,0,0
0.242,4001.6968,100,0,0
0.243,4002.3024,100,0,0
0.244,4002.9072,100,0,0
0.245,4003.5114,100,0,0
0.246,4004.1147,100,0,0
0.247,4004.7174,100,0,0
0.248,4005.3193,100,0,0
0.249,4005.9205,100,0,0
0.25,4029.2226,100,7,0
0.251,4089.5872,100,20,0
0.252,4216.7957,100,44,0
0.253,4411.6618,100,71,0
0.254,4669.1544,100,98,0
0.255,4887.4451,100,100,0
0.256,5066.0368,100,100,0
0.257,5212.1985,100,100,0
0.258,5331.8682,100,100,0
0.259,5429.8966,100,100,0
0.26,5510.2461,100,100,0
0.261,5576.1535,100,100,0
0.262,5630.2631,100,100,0
0.263,5674.7349,100,100,0
0.264,5711.3333,100,100,0
0.265,5741.4998,100,100,0
0.266,5766.4118,100,100,0
0.267,5787.0311,100,100,0
0.268,5804.1435,100,100,0
0.269,5818.3908,100,100,0
0.27,5830.2974,100,100,0
0.271,5840.2915,100,100,0
0.272,5848.7231,100,100,0
0.273,5855.878,100,100,0
0.274,5861.9896,100,100,0
0.275,5867.2487,100,100,0
0.276,5871.8111,100,100,0
0.277,5875.8041,100,100,0
0.278,5879.3316,100,100,0
0.279,5882.4786,100,100,0
0.28,5885.3145,100,100,0
0.281,5887.8959,100,100,0
0.282,5890.2691,100,100,0
0.283,5892.4721,100,100,0
0.284,5894.5355,100,100,0
0.285,5896.4848,100,100,0
0.286,5898.3405,100,100,0
0.287,5900.1195,100,100,0
0.288,5901.8355,100,100,0
0.289,5903.4998,100,100,0
0.29,5905.1216,100,100,0
0.291,5906.7083,100,100,0
0.292,5908.2661,100,100,0
0.293,5909.8,100,100,0
0.294,5911.3141,100,100,0
0.295,5912.8118,100,100,0
0.296,5914.2957,100,100,0
0.297,5915.7681,100,100,0
0.298,5917.2309,100,100,0
0.299,5918.6854,100,100,0
0.3,5920.133,100,100,0
0.301,5921.5747,100,100,0
0.302,5923.0112,100,100,0
0.303,5924.4431,100,100,0
0.304,5925.8712,100,100,0
0.305,5927.2958,100,100,0
0.306,5928.7172,100,100,0
0.307,5930.1358,100,100,0
0.308,5931.5518,100,100,0
0.309,5932.9654,100,100,0
0.31,5934.3768,100,100,0
0.311,5935.7861,100,100,0
0.312,5937.1934,100,100,0
0.313,5938.5989,100,100,0
0.314,5940.0025,100,100,0
0.315,5941.4044,100,100,0
0.316,5942.8046,100,100,0
0.317,5944.2032,100,100,0
0.318,5945.6001,100,100,0
0.319,5946.9954,100,100,0
0.32,5948.3892,100,100,0
0.321,5949.7815,100,100,0
0.322,5951.1722,100,100,0
0.323,5952.5614,100,100,0
0.324,5953.9491,100,100,0
0.325,5955.3353,100,100,0
0.326,5956.7201,100,100,0
0.327,5958.1034,100,100,0
0.328,5959.4852,100,100,0
0.329,5960.8656,100,100,0
0.33,5962.2445,100,100,0
0.331,5963.622,100,100,0
0.332,5964.9981,100,100,0
0.333,5966.3727,100,100,0
0.334,5987.924,100,100,4
0.335,6041.4553,100,100,11
0.336,6142.7653,100,100,22
0.337,6307.1715,100,100,37
0.338,6501.5052,100,100,47
0.339,6834.5895,100,100,76
0.34,7275.1317,100,100,100
0.341,7670.6311,100,100,100
0.342,8025.7531,100,100,100
0.343,8344.6796,100,100,100
0.344,8631.1592,100,100,100
0.345,8888.5526,100,100,100
0.346,9119.8721,100,100,100
0.347,9327.818,100,100,100
0.348,9514.811,100,100,100
0.349,9683.0209,100,100,100
0.35,9834.3929,100,100,100
0.351,9970.6707,100,100,100
0.352,10093.4173,100,100,100
0.353,10204.0337,100,100,100
0.354,10303.7761,100,100,100
0.355,10393.7703,100,100,100
0.356,10475.0256,100,100,100
0.357,10548.4467,100,100,100
0.358,10614.8446,100,100,100
0.359,10674.9463,100,100,100
0.36,10729.4036,100,100,100
0.361,10778.8007,100,100,100
0.362,10823.6611,100,100,100
0.363,10864.4545,100,100,100
0.364,10901.6015,100,100,100
0.365,10935.4795,100,100,100
0.366,10966.4265,100,100,100
0.367,10994.7458,100,100,100
0.368,11020.709,100,100,100
0.369,11044.5597,100,100,100
0.37,11066.5162,100,100,100
0.371,11086.7744,100,100,100
0.372,11105.5097,100,100,100
0.373,11122.8793,100,100,100
0.374,11139.0244,100,100,100
0.375,11154.0711,100,100,100
0.376,11168.133,100,100,100
0.377,11181.3114,100,100,100
0.378,11193.6976,100,100,100
0.379,11205.373,100,100,100
0.38,11216.4109,100,100,100
0.381,11226.8769,100,100,100
0.382,11236.8298,100,100,100
0.383,11246.3221,100,100,100
0.384,11255.4013,100,100,100
0.385,11264.1097,100,100,100
0.386,11272.4852,100,100,100
0.387,11280.5618,100,100,100
0.388,11288.3701,100,100,100
0.389,11295.9375,100,100,100
0.39,11303.2884,100,100,100
0.391,11310.4448,100,100,100
0.392,11317.4265,100,100,100
0.393,11324.2511,100,100,100
0.394,11330.9345,100,100,100
0.395,11337.4908,100,100,100
0.396,11343.9328,100,100,100
0.397,11350.2718,100,100,100
0.398,11356.5182,100,100,100
0.399,11362.6811,100,100,100
0.4,11368.7686,100,100,100
0.401,11374.7883,100,100,100
0.402,11380.7467,100,100,100
0.403,11386.6496,100,100,100
0.404,11392.5026,100,100,100
0.405,11398.3102,100,100,100
0.406,11404.0767,100,100,100
0.407,11409.8061,100,100,100
0.408,11415.5018,100,100,100
0.409,11421.1667,100,100,100
0.41,11426.8037,100,100,100
0.411,11432.4153,100,100,100
0.412,11438.0037,100,100,100
0.413,11443.5708,100,100,100
0.414,11449.1185,100,100,100
0.415,11454.6483,100,100,100
0.416,11460.1618,100,100,100
0.417,11465.6601,100,100,100
0.418,11471.1446,100,100,100
0.419,11476.616,100,100,100
0.42,11482.0756,100,100,100
0.421,11487.5239,100,100,100
0.422,11492.9619,100,100,100
0.423,11498.3902,100,100,100
0.424,11503.8093,100,100,100
0.425,11509.2199,100,100,100
0.426,11514.6225,100,100,100
0.427,11520.0174,100,100,100
0.428,11525.405,100,100,100
0.429,11530.7858,100,100,100
0.43,11536.16,100,100,100
0.431,11541.5279,100,100,100
0.432,11546.8898,100,100,100
0.433,11552.2459,100,100,100
0.434,11557.5964,100,100,100
0.435,11562.9416,100,100,100
0.436,11568.2815,100,100,100
0.437,11573.6163,100,100,100
0.438,11578.9463,100,100,100
0.439,11584.2714,100,100,100
0.44,11589.5919,100,100,100
0.441,11594.9077,100,100,100
0.442,11600.2191,100,100,100
0.443,11605.5261,100,100,100
0.444,11610.8287,100,100,100
0.445,11616.1271,100,100,100
0.446,11621.4213,100,100,100
0.447,11626.7114,100,100,100
0.448,11631.9973,100,100,100
0.449,11637.2793,100,100,100
0.45,11642.5572,100,100,100
0.451,11647.8312,100,100,100
0.452,11653.1013,100,100,100
0.453,11658.3675,100,100,100
0.454,11663.6299,100,100,100
0.455,11668.8885,100,100,100
0.456,11674.1432,100,100,100
0.457,11679.3942,100,100,100
0.458,11684.6415,100,100,100
0.459,11689.885,100,100,100
0.46,11695.1249,100,100,100
0.461,11700.3611,100,100,100
0.462,11705.5936,100,100,100
0.463,11710.8225,100,100,100
0.464,11716.0478,100,100,100
0.465,11721.2694,100,100,100
0.466,11726.4875,100,100,100
0.467,11731.702,100,100,100
0.468,11736.913,100,100,100
0.469,11742.1204,100,100,100
0.47,11747.3242,100,100,100
0.471,11752.5246,100,100,100
0.472,11757.7214,100,100,100
0.473,11762.9148,100,100,100
0.474,11768.1046,100,100,100
0.475,11773.291,100,100,100
0.476,11778.4739,100,100,100
0.477,11783.6534,100,100,100
0.478,11788.8294,100,100,100
0.479,11794.002,100,100,100
0.48,11799.1712,100,100,100
0.481,11804.337,100,100,100
0.482,11809.4993,100,100,100
0.483,11814.6583,100,100,100
0.484,11819.8139,100,100,100
0.485,11824.9662,100,100,100
0.486,11830.115,100,100,100
0.487,11835.2605,100,100,100
0.488,11840.4027,100,100,100
0.489,11845.5416,100,100,100
0.49,11850.6771,100,100,100
0.491,11855.8093,100,100,100
0.492,11860.9382,100,100,100
0.493,11866.0638,100,100,100
0.494,11871.1861,100,100,100
0.495,11876.3051,100,100,100
0.496,11881.4209,100,100,100
0.497,11886.5334,100,100,100
0.498,11891.6426,100,100,100
0.499,11896.7486,100,100,100
0.5,11901.8514,100,100,100
0.501,11906.9509,100,100,100
0.502,11912.0472,100,100,100
0.503,11917.1403,100,100,100
0.504,11922.2302,100,100,100
0.505,11927.317,100,100,100
0.506,11932.4005,100,100,100
0.507,11937.4808,100,100,100
0.508,11942.558,100,100,100
0.509,11947.632,100,100,100
0.51,11952.7029,100,100,100
0.511,11957.7706,100,100,100
0.512,11962.8352,100,100,100
0.513,11967.8966,100,100,100
0.514,11972.9549,100,100,100
0.515,11978.0102,100,100,100
0.516,11983.0623,100,100,100
0.517,11988.1113,100,100,100
0.518,11993.1572,100,100,100
0.519,11998.2001,100,100,100
0.52,12003.2398,100,100,100
0.521,12008.2765,100,100,100
0.522,12013.3102,100,100,100
0.523,12018.3408,100,100,100
0.524,12023.3684,100,100,100
0.525,12028.3929,100,100,100
0.526,12033.4144,100,100,100
0.527,12038.4329,100,100,100
0.528,12043.4483,100,100,100
0.529,12048.4608,100,100,100
0.53,12053.4703,100,100,100
0.531,12058.4768,100,100,100
0.532,12063.4803,100,100,100
0.533,12068.4808,100,100,100
0.534,12073.4784,100,100,100
0.535,12078.473,100,100,100
0.536,12083.4647,100,100,100
0.537,12088.4534,100,100,100
0.538,12093.4392,100,100,100
0.539,12098.422,100,100,100
0.54,12103.402,100,100,100
0.541,12108.379,100,100,100
0.542,12113.3531,100,100,100
0.543,12118.3243,100,100,100
0.544,12123.2927,100,100,100
0.545,12128.2581,100,100,100
0.546,12133.2207,100,100,100
0.547,12138.1804,100,100,100
0.548,12143.1373,100,100,100
0.549,12148.0912,100,100,100
0.55,12153.0424,100,100,100
0.551,12157.9907,100,100,100
0.552,12162.9362,100,100,100
0.553,12167.8788,100,100,100
0.554,12172.8186,100,100,100
0.555,12177.7556,100,100,100
0.556,12182.6898,100,100,100
0.557,12187.6213,100,100,100
0.558,12192.5499,100,100,100
0.559,12197.4757,100,100,100
0.56,12202.3988,100,100,100
0.561,12207.3191,100,100,100
0.562,12212.2366,100,100,100
0.563,12217.1514,100,100,100
0.564,12222.0634,100,100,100
0.565,12226.9727,100,100,100
0.566,12231.8792,100,100,100
0.567,12236.783,100,100,100
0.568,12241.6841,100,100,100
0.569,12246.5825,100,100,100
0.57,12251.4782,100,100,100
0.571,12256.3711,100,100,100
0.572,12261.2614,100,100,100
0.573,12266.149,100,100,100
0.574,12271.0339,100,100,100
0.575,12275.9161,100,100,100
0.576,12280.7957,100,100,100
0.577,12285.6726,100,100,100
0.578,12290.5468,100,100,100
0.579,12295.4184,100,100,100
0.58,12300.2874,100,100,100
0.581,12305.1537,100,100,100
0.582,12310.0174,100,100,100
0.583,12314.8785,100,100,100
0.584,12319.7369,100,100,100
0.585,12324.5928,100,100,100
0.586,12329.446,100,100,100
0.587,12334.2967,100,100,100
0.588,12339.1447,100,100,100
0.589,12343.9902,100,100,100
0.59,12348.8331,100,100,100
0.591,12353.6734,100,100,100
0.592,12358.5111,100,100,100
0.593,12363.3463,100,100,100
0.594,12368.179,100,100,100
0.595,12373.0091,100,100,100
0.596,12377.8366,100,100,100
0.597,12382.6617,100,100,100
0.598,12387.4842,100,100,100
0.599,12392.3041,100,100,100
0.6,12397.1216,100,100,100
0.601,12401.9365,100,100,100
0.602,12406.749,100,100,100
0.603,12411.5589,100,100,100
0.604,12416.3664,100,100,100
0.605,12421.1714,100,100,100
0.606,12425.9739,100,100,100
0.607,12430.7739,100,100,100
0.608,12435.5714,100,100,100
0.609,12440.3665,100,100,100
0.61,12445.1592,100,100,100
0.611,12449.9494,100,100,100
0.612,12454.7371,100,100,100
0.613,12459.5224,100,100,100
0.614,12464.3053,100,100,100
0.615,12469.0858,100,100,100
0.616,12473.8638,100,100,100
0.617,12478.6394,100,100,100
0.618,12483.4126,100,100,100
0.619,12488.1835,100,100,100
0.62,12492.9519,100,100,100
0.621,12497.7179,100,100,100
0.622,12502.4815,100,100,100
0.623,12507.2428,100,100,100
0.624,12512.0017,100,100,100
0.625,12516.7582,100,100,100
0.626,12521.5124,100,100,100
0.627,12526.2642,100,100,100
0.628,12531.0136,100,100,100
0.629,12535.7607,100,100,100
0.63,12540.5055,100,100,100
0.631,12545.2479,100,100,100
0.632,12549.988,100,100,100
0.633,12554.7258,100,100,100
0.634,12559.4613,100,100,100
0.635,12564.1944,100,100,100
